{
  "framework": "nextjs",
  "installCommand": "npm install",
  "buildCommand": "npm run build",
  "devCommand": "npm run dev",
  "outputDirectory": ".next",
  "regions": ["fra1"],
  "env": {
    "NEXT_PUBLIC_SUPABASE_URL": "@next_public_supabase_url",
    "NEXT_PUBLIC_SUPABASE_ANON_KEY": "@next_public_supabase_anon_key",
    "SUPABASE_SERVICE_ROLE_KEY": "@supabase_service_role_key",
    "OPENAI_API_KEY": "@openai_api_key",
    "NEXT_PUBLIC_SITE_URL": "@next_public_site_url"
  },
  "functions": {
    "app/api/**/*.ts": {
      "maxDuration": 300
    }
  },
  "headers": [
    {
      "source": "/api/(.*)",
      "headers": [
        {
          "key": "Access-Control-Allow-Origin",
          "value": "*"
        },
        {
          "key": "Access-Control-Allow-Methods",
          "value": "GET, POST, PUT, DELETE, OPTIONS"
        },
        {
          "key": "Access-Control-Allow-Headers",
          "value": "Content-Type, Authorization"
        }
      ]
    }
  ]
} 